Ticker,Exchange
TRX,Binance
ETH,Binance
BNB,Binance
XRP,Binance
APPC,Binance
ARN,Binance
LTC,Binance
BCC,Binance
XVG,Binance
XLM,Binance
ADA,Binance
VEN,Binance
QTUM,Binance
ELF,Binance
IOTA,Binance
BCPT,Binance
ICX,Binance
POE,Binance
LUN,Binance
REQ,Binance
NEO,Binance
EOS,Binance
HSR,Binance
LSK,Binance
NEBL,Binance
DNT,Binance
BRD,Binance
WTC,Binance
MTL,Binance
LRC,Binance
AST,Binance
SUB,Binance
ENG,Binance
AMB,Binance
CND,Binance
LEND,Binance
TNB,Binance
ETC,Binance
FUN,Binance
POWR,Binance
TRIG,Binance
QSP,Binance
OMG,Binance
GVT,Binance
BTS,Binance
GTO,Binance
MCO,Binance
XMR,Binance
ENJ,Binance
NULS,Binance
AION,Binance
DASH,Binance
ZRX,Binance
BAT,Binance
EVX,Binance
BQX,Binance
STORJ,Binance
CTR,Binance
CMT,Binance
SALT,Binance
SNT,Binance
GAS,Binance
GXS,Binance
LINK,Binance
WABI,Binance
CDT,Binance
YOYO,Binance
MANA,Binance
FUEL,Binance
SNM,Binance
BTG,Binance
ZEC,Binance
OST,Binance
MDA,Binance
KNC,Binance
ARK,Binance
STRAT,Binance
KMD,Binance
WAVES,Binance
RCN,Binance
OAX,Binance
ADX,Binance
VIB,Binance
MTH,Binance
XZC,Binance
TNT,Binance
RDN,Binance
DLT,Binance
SNGLS,Binance
EDO,Binance
MOD,Binance
DGD,Binance
NAV,Binance
ICN,Binance
WINGS,Binance
BNT,Binance
PPT,Binance
BCD,Binance
