Ticker,Exchange,Name
KCS,Kucoin,kucoin-shares
RPX,Kucoin,red-pulse
QLC,Kucoin,qlink
XRB,Kucoin,raiblocks
DBC,Kucoin,deepbrain-chain
DENT,Kucoin,dent
SNOV,Kucoin,snovio
UTK,Kucoin,utrust
POE,Kucoin,poet
PRL,Kucoin,oyster-pearl
TFL,Kucoin,trueflip
XLR,Kucoin,solaris
BNTY,Kucoin,bounty0x
DRGN,Kucoin,dragonchain
LEND,Kucoin,ethlend
LA,Kucoin,latoken
CAG,Kucoin,change
AION,Kucoin,aion
POLL,Kucoin,clearpoll
ONION,Kucoin,deeponion
ACT,Kucoin,achain
ETC,Kucoin,ethereum-classic
ETH,Kucoin,ethereum
NEO,Kucoin,neo
VEN,Kucoin,vechain
WTC,Kucoin,walton
XAS,Kucoin,asch
POWR,Kucoin,power-ledger
BCH,Kucoin,bitcoin-cash
SNM,Kucoin,sonm
FLIXX,Kucoin,flixxo
MOD,Kucoin,modum
QSP,Kucoin,quantstamp
SUB,Kucoin,substratum
AMB,Kucoin,amber
HST,Kucoin,decision-token
LTC,Kucoin,litecoin
PBL,Kucoin,publica
RDN,Kucoin,raiden-network-token
REQ,Kucoin,request-network
UKG,Kucoin,unikoin-gold
DASH,Kucoin,dash
ELIX,Kucoin,elixir
RHOC,Kucoin,rchain
R,Kucoin,revain
DGB,Kucoin,digibyte
EOS,Kucoin,eos
HSR,Kucoin,hshare
KNC,Kucoin,kyber-network
OMG,Kucoin,omisego
PPT,Kucoin,populous
NEBL,Kucoin,neblio
PURA,Kucoin,pura
BTG,Kucoin,bitcoin-gold
EVX,Kucoin,everex
BCD,Kucoin,bitcoin-diamond
GAS,Kucoin,gas
GVT,Kucoin,genesis-vision
MTH,Kucoin,monetha
NULS,Kucoin,nuls
QTUM,Kucoin,qtum
STX,Kucoin,stox
BCPT,Kucoin,blockmason
BTM,Kucoin,bytom
CVC,Kucoin,civic
PAY,Kucoin,tenx
SNT,Kucoin,status
CFD,Kucoin,confido
